From	To
P29475	NOS1
P00797	REN
P04818	TYMS
P21917	DRD4
P00325	ADH1B
P48169	GABRA4
P02787	TF
P35462	DRD3
P30519	HMOX2
P07101	TH
Q01959	SLC6A3
P01375	TNF
P09601	HMOX1
P14416	DRD2
P11473	VDR
P02741	CRP
P37840	SNCA
P43004	SLC1A2
P98164	LRP2
P01189	POMC
P01009	SERPINA1
Q04760	GLO1
P01042	KNG1
P01584	IL1B
P30793	GCH1
Q96EN8	MOCOS
P27338	MAOB
P21397	MAOA
P27708	CAD
P50135	HNMT
P01024	C3
P28476	GABRR2
A8MPY1	GABRR3
Q86SZ2	TRAPPC6B
P02786	TFRC
P46939	UTRN
Q16552	IL17A
P49281	SLC11A2
Q16595	FXN
Q92570	NR4A3
P32004	L1CAM
Q5S007	LRRK2
Q13163	MAP2K5
P15428	HPGD
P11766	ADH5
P21728	DRD1
P29401	TKT
P24530	EDNRB
P00734	F2
P14780	MMP9
P21554	CNR1
Q07869	PPARA
P28702	RXRB
Q8IWU9	TPH2
P34972	CNR2
P21673	SAT1
P07741	APRT
Q05940	SLC18A2
P17752	TPH1
P03372	ESR1
P24046	GABRR1
P80365	HSD11B2
P10275	AR
P05091	ALDH2
P09172	DBH
Q99720	SIGMAR1
P48637	GSS
Q9UI33	SCN11A
P09619	PDGFRB
P00747	PLG
P16442	ABO
P37231	PPARG
Q9UBS5	GABBR1
P16083	NQO2
P12821	ACE
P07327	ADH1A
P08912	CHRM5
P30531	SLC6A1
P14679	TYR
P80404	ABAT
P29474	NOS3
Q08828	ADCY1
P08913	ADRA2A
P08908	HTR1A
P46098	HTR3A
P39086	GRIK1
Q9NR19	ACSS2
Q9UM73	ALK
P08319	ADH4
P00740	F9
Q05586	GRIN1
Q06203	PPAT
Q99259	GAD1
P47869	GABRA2
P25103	TACR1
P32238	CCKAR
Q13224	GRIN2B
P41143	OPRD1
Q13936	CACNA1C
P17516	AKR1C4
P28223	HTR2A
Q14957	GRIN2C
P00326	ADH1C
P31644	GABRA5
P28566	HTR1E
P30837	ALDH1B1
P23975	SLC6A2
Q07343	PDE4B
P40394	ADH7
P28335	HTR2C
P18405	SRD5A1
P04406	GAPDH
P00352	ALDH1A1
P08172	CHRM2
P14778	IL1R1
P31213	SRD5A2
P42330	AKR1C3
Q05329	GAD2
Q9Y233	PDE10A
P41145	OPRK1
P08253	MMP2
P00390	GSR
P34969	HTR7
P10276	RARA
P24298	GPT
P04278	SHBG
P10827	THRA
P17735	TAT
P11498	PC
P49589	CARS1
P30536	TSPO
P12081	HARS1
P31645	SLC6A4
P01178	OXT
Q12879	GRIN2A
Q16445	GABRA6
P00533	EGFR
P35372	OPRM1
P47901	AVPR1B
P04150	NR3C1
P14867	GABRA1
P28222	HTR1B
P09488	GSTM1
P30711	GSTT1
Q13255	GRM1
Q13003	GRIK3
Q14831	GRM7
O00222	GRM8
P06241	FYN
P30559	OXTR
Q93088	BHMT
P43681	CHRNA4
P43220	GLP1R
Q16568	CARTPT
Q14289	PTK2B
P19440	GGT1
Q00535	CDK5
P05231	IL6
Q6W5P4	NPSR1
P01133	EGF
P27986	PIK3R1
P16220	CREB1
P10145	CXCL8
P52788	SMS
P17405	SMPD1
Q14416	GRM2
P29460	IL12B
P01137	TGFB1
Q03181	PPARD
P09038	FGF2
P06850	CRH
P48051	KCNJ6
P98160	HSPG2
P04275	VWF
P01019	AGT
P49841	GSK3B
Q06124	PTPN11
P01112	HRAS
P19838	NFKB1
P01138	NGF
P06881	CALCA
P43003	SLC1A3
P02649	APOE
P27815	PDE4A
P29218	IMPA1
P32239	CCKBR
O60760	HPGDS
P02751	FN1
P41594	GRM5
P13569	CFTR
P25942	CD40
Q99808	SLC29A1
P04040	CAT
P48736	PIK3CG
P17900	GM2A
Q13426	XRCC4
P62508	ESRRG
P21964	COMT
P11511	CYP19A1
P42898	MTHFR
O00519	FAAH
P00813	ADA
P15104	GLUL
Q13427	PPIG
Q14832	GRM3
P18505	GABRB1
P28472	GABRB3
P47870	GABRB2
P20815	CYP3A5
Q92769	HDAC2
Q9UBN7	HDAC6
P29371	TACR3
P41146	OPRL1
P42336	PIK3CA
O00329	PIK3CD
P42338	PIK3CB
P07949	RET
P49146	NPY2R
O00206	TLR4
P25929	NPY1R
Q15761	NPY5R
P22301	IL10
P39905	GDNF
Q9NQX3	GPHN
Q9BY49	PECR
P15289	ARSA
P18509	ADCYAP1
P11509	CYP2A6
P04637	TP53
Q92847	GHSR
P23560	BDNF
P33151	CDH5
P15328	FOLR1
P09429	HMGB1
P40763	STAT3
P01303	NPY
P05181	CYP2E1
P20813	CYP2B6
O14649	KCNK3
P30926	CHRNB4
P32297	CHRNA3
P30532	CHRNA5
Q05901	CHRNB3
P12104	FABP2
P18507	GABRG2
Q8N1C3	GABRG1
Q99928	GABRG3
Q16620	NTRK2
O95622	ADCY5
P61626	LYZ
P45983	MAPK8
Q16566	CAMK4
Q9UQM7	CAMK2A
P01889	HLA-B
P14550	AKR1A1
P07108	DBI
P30084	ECHS1
O14964	HGS
P01106	MYC
P01583	IL1A
P18510	IL1RN
P01903	HLA-DRA
O95264	HTR3B
Q9UGI6	KCNN3
Q9ULB1	NRXN1
Q9C0B1	FTO
Q16555	DPYSL2
Q8TAB3	PCDH19
O43613	HCRTR1
P34998	CRHR1
P80303	NUCB2
P63244	RACK1
P42858	HTT
Q9NYV7	TAS2R16
P21333	FLNA
Q8NFD2	ANKK1
P29322	EPHA8
Q9Y6R4	MAP3K4
Q9P0L2	MARK1
P32245	MC4R
P00738	HP
P06307	CCK
P02452	COL1A1
P20309	CHRM3
P14060	HSD3B1
P24752	ACAT1
P35610	SOAT1
Q9NYK1	TLR7
P10415	BCL2
P35354	PTGS2
P09455	RBP1
P16050	ALOX15
P28845	HSD11B1
P34896	SHMT1
P11926	ODC1
O15528	CYP27B1
P01130	LDLR
P04626	ERBB2
P25101	EDNRA
P02768	ALB
P06401	PGR
P49585	PCYT1A
P19429	TNNI3
P01589	IL2RA
P08235	NR3C2
Q01718	MC2R
Q9UKV0	HDAC9
P16410	CTLA4
P07858	CTSB
P01579	IFNG
P06730	EIF4E
P35222	CTNNB1
P51580	TPMT
P62937	PPIA
P60568	IL2
P13500	CCL2
Q92887	ABCC2
P05362	ICAM1
P04156	PRNP
P00450	CP
P42574	CASP3
Q9NR96	TLR9
P61586	RHOA
P48449	LSS
P09874	PARP1
P14174	MIF
Q96AZ6	ISG20
P32119	PRDX2
P19021	PAM
P47989	XDH
O95864	FADS2
Q9UGM6	WARS2
O00305	CACNB4
Q00653	NFKB2
P00441	SOD1
P27695	APEX1
P01911	HLA-DRB1
Q8WTS6	SETD7
Q13363	CTBP1
P01270	PTH
P00403	MT-CO2
O15392	BIRC5
Q9NPF7	IL23A
Q8NET8	TRPV3
P05019	IGF1
P10644	PRKAR1A
Q9NZQ7	CD274
P10636	MAPT
Q15722	LTB4R
P05112	IL4
P35869	AHR
P23458	JAK1
P01920	HLA-DQB1
P51178	PLCD1
P46459	NSF
P49913	CAMP
P35398	RORA
Q15125	EBP
P07288	KLK3
F7VJQ1	PRNP
P02765	AHSG
P04003	C4BPA
P35858	IGFALS
P15924	DSP
P46940	IQGAP1
Q13153	PAK1
Q9H4B4	PLK3
Q15139	PRKD1
Q96BR1	SGK3
P11532	DMD
P43657	LPAR6
P41222	PTGDS
Q9Y487	ATP6V0A2
P55211	CASP9
O15123	ANGPT2
P19113	HDC
Q9UI32	GLS2
P00488	F13A1
P35228	NOS2
P30542	ADORA1
P00519	ABL1
P23219	PTGS1
P35916	FLT4
P17948	FLT1
Q9UPY5	SLC7A11
P06213	INSR
O60931	CTNS
P04049	RAF1
P13716	ALAD
P30556	AGTR1
P34995	PTGER1
P11836	MS4A1
P51843	NR0B1
P10912	GHR
P12277	CKB
Q13639	HTR4
P14618	PKM
P11229	CHRM1
P17707	AMD1
O76082	SLC22A5
P51606	RENBP
Q9H244	P2RY12
P06746	POLB
O95477	ABCA1
P22888	LHCGR
P49419	ALDH7A1
P35498	SCN1A
Q9H3S4	TPK1
Q02218	OGDH
P15692	VEGFA
P20132	SDS
P49916	LIG3
Q9UJ68	MSRA
P08588	ADRB1
O76074	PDE5A
P56937	HSD17B7
P45381	ASPA
Q8WTV0	SCARB1
P14061	HSD17B1
O15374	SLC16A4
P18858	LIG1
Q13564	NAE1
Q09428	ABCC8
P56556	NDUFA6
P23381	WARS1
P06858	LPL
P05121	SERPINE1
P09917	ALOX5
P00491	PNP
Q9Y478	PRKAB1
O76054	SEC14L2
P08473	MME
P14207	FOLR2
P01008	SERPINC1
P05089	ARG1
P30518	AVPR2
Q13258	PTGDR
P31153	MAT2A
Q16795	NDUFA9
P00480	OTC
P02753	RBP4
Q99714	HSD17B10
P00918	CA2
P35520	CBS
P49286	MTNR1B
P00374	DHFR
P00395	MT-CO1
P02766	TTR
P25098	GRK2
P05093	CYP17A1
P20648	ATP4A
Q96I99	SUCLG2
P63098	PPP3R1
P43116	PTGER2
P35968	KDR
P04070	PROC
P23945	FSHR
Q9GZT4	SRR
P60880	SNAP25
P08246	ELANE
P02794	FTH1
P50416	CPT1A
Q00266	MAT1A
P51659	HSD17B4
P13196	ALAS1
P19793	RXRA
P0DP23	CALM1
P55017	SLC12A3
P04083	ANXA1
P04181	OAT
P00338	LDHA
P22303	ACHE
P31749	AKT1
P30988	CALCR
O60669	SLC16A7
P29466	CASP1
Q96RQ3	MCCC1
Q96A70	AZIN2
O15427	SLC16A3
Q9UIC8	LCMT1
P37023	ACVRL1
P30939	HTR1F
O95665	NTSR2
O60706	ABCC9
Q16718	NDUFA5
Q16739	UGCG
O43497	CACNA1G
P16473	TSHR
P41252	IARS1
Q9Y5K3	PCYT1B
P35348	ADRA1A
P03886	MT-ND1
P41180	CASR
O94788	ALDH1A2
P48039	MTNR1A
P20701	ITGAL
P28329	CHAT
P04424	ASL
O60391	GRIN3B
P03905	MT-ND4
Q12791	KCNMA1
Q9NWM0	SMOX
Q04609	FOLH1
P18089	ADRA2B
P04035	HMGCR
Q14534	SQLE
O43772	SLC25A20
P40925	MDH1
P12235	SLC25A4
Q9Y617	PSAT1
P11586	MTHFD1
P52895	AKR1C2
P18031	PTPN1
Q13085	ACACA
Q8TDS4	HCAR2
P42261	GRIA1
Q8TCU5	GRIN3A
P14784	IL2RB
P19235	EPOR
P03891	MT-ND2
P47712	PLA2G4A
P17181	IFNAR1
P53985	SLC16A1
P51787	KCNQ1
P20138	CD33
O95169	NDUFB8
Q13131	PRKAA1
Q16515	ASIC2
O14842	FFAR1
P05230	FGF1
P14902	IDO1
P07550	ADRB2
P62942	FKBP1A
O95342	ABCB11
Q13946	PDE7A
P12314	FCGR1A
Q03405	PLAUR
O14556	GAPDHS
Q99707	MTR
P09622	DLD
Q15822	CHRNA2
P53004	BLVRA
Q9UI09	NDUFA12
P78540	ARG2
Q9UBK8	MTRR
O94760	DDAH1
Q9P2J5	LARS1
P14324	FDPS
P22033	MMUT
P40926	MDH2
P33527	ABCC1
Q92731	ESR2
Q99062	CSF3R
Q9UHC9	NPC1L1
Q9Y2Q3	GSTK1
P21266	GSTM3
P09211	GSTP1
P78417	GSTO1
P07203	GPX1
O43708	GSTZ1
O94925	GLS
Q16099	GRIK4
P42262	GRIA2
P48058	GRIA4
P42263	GRIA3
O43451	MGAM
P07947	YES1
P06239	LCK
P42081	CD86
P33681	CD80
P17787	CHRNB2
P07333	CSF1R
P27487	DPP4
P01031	C5
P08069	IGF1R
O60895	RAMP2
P11086	PNMT
Q02750	MAP2K1
P05771	PRKCB
P29972	AQP1
P22102	GART
Q06520	SULT2A1
P26358	DNMT1
P00749	PLAU
O95237	LRAT
O75015	FCGR3B
P20810	CAST
P35558	PCK1
P01023	A2M
P51681	CCR5
P05451	REG1A
Q99519	NEU1
P08581	MET
P62993	GRB2
P61073	CXCR4
P03956	MMP1
P10997	IAPP
P02652	APOA2
P28482	MAPK1
P29274	ADORA2A
P02763	ORM1
P01574	IFNB1
P25116	F2R
P08174	CD55
P27169	PON1
O75891	ALDH1L1
P02778	CXCL10
P00156	MT-CYB
P07339	CTSD
P07225	PROS1
P50406	HTR6
P20333	TNFRSF1B
P34913	EPHX2
O75469	NR1I2
P49327	FASN
P45452	MMP13
Q9Y5N1	HRH3
P17936	IGFBP3
P13501	CCL5
P35568	IRS1
P04062	GBA1
P29074	PTPN4
Q9BYF1	ACE2
P32418	SLC8A1
P56817	BACE1
Q99497	PARK7
Q7L0J3	SV2A
P02788	LTF
Q16853	AOC3
P31930	UQCRC1
P29965	CD40LG
P99999	CYCS
P08311	CTSG
Q13464	ROCK1
Q16539	MAPK14
P03951	F11
Q8NER1	TRPV1
P24385	CCND1
P08183	ABCB1
P21980	TGM2
P04629	NTRK1
P05412	JUN
P15502	ELN
P43005	SLC1A1
P11166	SLC2A1
Q13231	CHIT1
P27361	MAPK3
O60858	TRIM13
Q9UNQ0	ABCG2
P16581	SELE
P05164	MPO
O60733	PLA2G6
P15144	ANPEP
Q15111	PLCL1
P06493	CDK1
P80188	LCN2
P00750	PLAT
P11413	G6PD
P23297	S100A1
Q9UM07	PADI4
P17302	GJA1
P21589	NT5E
P53779	MAPK10
P11021	HSPA5
P48651	PTDSS1
P11137	MAP2
P15309	ACP3
P19367	HK1
P63000	RAC1
P16070	CD44
P19320	VCAM1
P08254	MMP3
Q16873	LTC4S
P07900	HSP90AA1
P14210	HGF
O75762	TRPA1
P16870	CPE
Q08345	DDR1
P08697	SERPINF2
P01100	FOS
P17252	PRKCA
P36969	GPX4
P19438	TNFRSF1A
P02774	GC
P48061	CXCL12
O14920	IKBKB
P05106	ITGB3
P98170	XIAP
O60603	TLR2
P45844	ABCG1
P78559	MAP1A
P31751	AKT2
P63104	YWHAZ
P14410	SI
P04271	S100B
P13726	F3
P30086	PEBP1
P22894	MMP8
P14735	IDE
P15559	NQO1
Q08257	CRYZ
O15439	ABCC4
P28161	GSTM2
P08842	STS
P06744	GPI
P08100	RHO
P22455	FGFR4
P80511	S100A12
P05113	IL5
P68400	CSNK2A1
P02743	APCS
P31939	ATIC
Q10588	BST1
Q9P2W7	B3GAT1
O75874	IDH1
P68363	TUBA1B
Q06187	BTK
Q08499	PDE4D
Q9NP99	TREM1
P43403	ZAP70
P43405	SYK
P17931	LGALS3
P68371	TUBB4B
P49137	MAPKAPK2
P36959	GMPR
P68366	TUBA4A
P30405	PPIF
P08631	HCK
P50579	METAP2
P35030	PRSS3
Q92876	KLK6
P55055	NR1H2
P06132	UROD
P14555	PLA2G2A
P25774	CTSS
Q9Y286	SIGLEC7
Q9Y5Y6	ST14
P00751	CFB
P30305	CDC25B
P53355	DAPK1
Q9HAN9	NMNAT1
P49759	CLK1
Q16775	HAGH
P55210	CASP7
P00746	CFD
P52732	KIF11
P37173	TGFBR2
Q05315	CLC
P08238	HSP90AB1
P51161	FABP6
Q16881	TXNRD1
O00408	PDE2A
P00736	C1R
P02745	C1QA
P08637	FCGR3A
P12318	FCGR2A
P11047	LAMC1
P25391	LAMA1
P27797	CALR
Q07954	LRP1
P13727	PRG2
P32927	CSF2RB
P34741	SDC2
P06400	RB1
P29120	PCSK1
Q16270	IGFBP7
P02461	COL3A1
P11362	FGFR1
P22607	FGFR3
P07711	CTSL
P23763	VAMP1
P63027	VAMP2
Q01362	MS4A2
P35237	SERPINB6
P09486	SPARC
P48147	PREP
Q6ZQY3	GADL1
O14939	PLD2
P06276	BCHE
Q13393	PLD1
Q9HBH1	PDF
P50750	CDK9
P11802	CDK4
P21452	TACR2
Q7L266	ASRGL1
Q07075	ENPEP
Q9H4Y5	GSTO2
Q9NY59	SMPD3
Q6IB77	GLYAT
Q9ULC6	PADI1
Q9Y2J8	PADI2
P67775	PPP2CA
P23284	PPIB
P45877	PPIC
Q96I59	NARS2
P36544	CHRNA7
P49721	PSMB2
P10635	CYP2D6
P16435	POR
Q13547	HDAC1
O15379	HDAC3
Q16665	HIF1A
P43115	PTGER3
P20292	ALOX5AP
O00459	PIK3R2
Q92569	PIK3R3
P42345	MTOR
P41231	P2RY2
P08865	RPSA
O14672	ADAM10
O60674	JAK2
Q13093	PLA2G7
P43490	NAMPT
Q05655	PRKCD
P24394	IL4R
P05177	CYP1A2
P35225	IL13
P03952	KLKB1
P32320	CDA
Q01726	MC1R
O14746	TERT
P05155	SERPING1
Q5T4S7	UBR4
Q96EB6	SIRT1
P07237	P4HB
P21796	VDAC1
P10147	CCL3
Q15185	PTGES3
P04141	CSF2
P42768	WAS
P08684	CYP3A4
P23141	CES1
P11712	CYP2C9
P08887	IL6R
P51687	SUOX
P80075	CCL8
P06703	S100A6
Q6UWP2	DHRS11
P15531	NME1
Q16698	DECR1
O76083	PDE9A
P49763	PGF
Q9Y691	KCNMB2
P15086	CPB1
P22392	NME2
P07998	RNASE1
Q03721	KCNC4
Q16769	QPCT
P78368	CSNK1G2
P30291	WEE1
P07384	CAPN1
Q13285	NR5A1
Q9NXA8	SIRT5
P35625	TIMP3
Q86VB7	CD163
P48357	LEPR
O96017	CHEK2
O14757	CHEK1
P05305	EDN1
P41597	CCR2
Q9NNW7	TXNRD2
P51671	CCL11
P05067	APP
Q96BI3	APH1A
Q9NZ42	PSENEN
Q13443	ADAM9
P43235	CTSK
P55786	NPEPPS
Q92843	BCL2L2
P50052	AGTR2
Q02156	PRKCE
P04792	HSPB1
O14793	MSTN
Q15116	PDCD1
Q99527	GPER1
Q9H6X2	ANTXR1
P02647	APOA1
Q14790	CASP8
Q14956	GPNMB
O43174	CYP26A1
P04439	HLA-A
P40933	IL15
P01308	INS
P01127	PDGFB
P15391	CD19
P53420	COL4A4
P15941	MUC1
P15169	CPN1
Q07820	MCL1
P49674	CSNK1E
P30411	BDKRB2
Q00613	HSF1
Q96QU6	ACCS
P11597	CETP
O14788	TNFSF11
Q9NR97	TLR8
P56524	HDAC4
P30874	SSTR2
P32745	SSTR3
P33261	CYP2C19
P05108	CYP11A1
P22309	UGT1A1
P25024	CXCR1
P52209	PGD
P05556	ITGB1
P06756	ITGAV
Q9NRF9	POLE3
P11717	IGF2R
Q12908	SLC10A2
Q8TCC7	SLC22A8
P19652	ORM2
P09237	MMP7
P50281	MMP14
Q9Y5R2	MMP24
P11474	ESRRA
Q8NEB9	PIK3C3
Q08462	ADCY2
Q13526	PIN1
P48552	NRIP1
P53350	PLK1
P30153	PPP2R1A
P78536	ADAM17
P17612	PRKACA
P13051	UNG
P45984	MAPK9
Q99933	BAG1
P11142	HSPA8
Q13133	NR1H3
P36897	TGFBR1
Q9UQF2	MAPK8IP1
P42892	ECE1
P62136	PPP1CA
P21281	ATP6V1B2
Q15078	CDK5R1
P61313	RPL15
O75460	ERN1
P25705	ATP5F1A
P06576	ATP5F1B
P60174	TPI1
Q14994	NR1I3
Q15118	PDK1
P28072	PSMB6
P09466	PAEP
Q9Y6M4	CSNK1G3
Q494W8	CHRFAM7A
P00414	MT-CO3
P20674	COX5A
P10176	COX8A
P14854	COX6B1
P04054	PLA2G1B
Q13627	DYRK1A
P41235	HNF4A
P98155	VLDLR
P0CG48	UBC
O00141	SGK1
P14920	DAO
P29597	TYK2
P08758	ANXA5
P49862	KLK7
P06396	GSN
Q14494	NFE2L1
P23528	CFL1
O75116	ROCK2
P06731	CEACAM5
Q08209	PPP3CA
P15151	PVR
P61160	ACTR2
P13639	EEF2
P05187	ALPP
P07948	LYN
P78362	SRPK2
Q8IU85	CAMK1D
O00182	LGALS9
P09848	LCT
Q9NWZ3	IRAK4
Q92793	CREBBP
O14792	HS3ST1
O43612	HCRT
Q15796	SMAD2
P04179	SOD2
O75390	CS
P08670	VIM
P20472	PVALB
P22694	PRKACB
Q8IWL2	SFTPA1
P11226	MBL2
P51149	RAB7A
P04053	DNTT
P17600	SYN1
P63096	GNAI1
P20645	M6PR
Q99798	ACO2
P10600	TGFB3
Q14643	ITPR1
P78352	DLG4
P48735	IDH2
P68104	EEF1A1
P62837	UBE2D2
P20339	RAB5A
P50897	PPT1
Q9NTG7	SIRT3
P29323	EPHB2
P09104	ENO2
P62166	NCS1
P62491	RAB11A
P62826	RAN
P0CG47	UBB
O14874	BCKDK
P55072	VCP
Q92993	KAT5
O60493	SNX3
P55789	GFER
P78330	PSPH
Q01082	SPTBN1
Q13838	DDX39B
P13611	VCAN
P60953	CDC42
Q9BVM4	GGACT
Q96QT4	TRPM7
Q9UL54	TAOK2
Q9Y6B6	SAR1B
P41091	EIF2S3
Q9Y646	CPQ
P30041	PRDX6
P31327	CPS1
P00748	F12
P54219	SLC18A1
P0C0L4	C4A
P0C0L5	C4B
P0C0L5	C4B_2
Q9UQQ2	SH2B3
Q14721	KCNB1
P28065	PSMB9
P42685	FRK
P11274	BCR
P36507	MAP2K2
P31639	SLC5A2
Q14145	KEAP1
Q15303	ERBB4
Q7RTT9	SLC29A4
P48065	SLC6A12
P02795	MT2A
P13762	HLA-DRB4
Q30154	HLA-DRB5
Q9HAB3	SLC52A2
Q13315	ATM
O00264	PGRMC1
P04839	CYBB
P14598	NCF1
P15153	RAC2
Q9H2S1	KCNN2
P54646	PRKAA2
Q14571	ITPR2
Q14573	ITPR3
Q9NP56	PDE7B
O95263	PDE8B
P15336	ATF2
P18848	ATF4
P18850	ATF6
Q07021	C1QBP
Q6UX15	LAYN
P98066	TNFAIP6
P10599	TXN
P60709	ACTB
P63261	ACTG1
P05090	APOD
Q15493	RGN
Q92736	RYR2
P28907	CD38
P17676	CEBPB
P60484	PTEN
P49908	SELENOP
Q04206	RELA
P09936	UCHL1
P25713	MT3
Q8TDU6	GPBAR1
Q99571	P2RX4
P06733	ENO1
P29590	PML
O14618	CCS
Q14978	NOLC1
O60502	OGA
Q06830	PRDX1
O43614	HCRTR2
Q8NBP7	PCSK9
Q99828	CIB1
P13693	TPT1
P28676	GCA
P0DP24	CALM2
P0DP25	CALM3
P22676	CALB2
Q86UW7	CADPS2
P02655	APOC2
P02656	APOC3
P29372	MPG
P05109	S100A8
P10809	HSPD1
P22626	HNRNPA2B1
P23246	SFPQ
P31948	STIP1
P60842	EIF4A1
P04155	TFF1
Q96RI0	F2RL3
P06702	S100A9
O15350	TP73
P12644	BMP4
Q99623	PHB2
P53805	RCAN1
P38936	CDKN1A
Q14457	BECN1
P54652	HSPA2
P61978	HNRNPK
P34932	HSPA4
Q92598	HSPH1
P60903	S100A10
P09493	TPM1
P54578	USP14
P12004	PCNA
P02748	C9
P08603	CFH
P05156	CFI
P10909	CLU
P45973	CBX5
P36955	SERPINF1
P05160	F13B
Q14624	ITIH4
P02533	KRT14
P01011	SERPINA3
P51693	APLP1
Q06481	APLP2
Q92945	KHSRP
P48047	ATP5PO
Q5SSJ5	HP1BP3
P06748	NPM1
P62753	RPS6
Q07955	SRSF1
Q02083	NAAA
Q9HBA0	TRPV4
P35579	MYH9
P31391	SSTR4
P22897	MRC1
Q9UHD2	TBK1
Q13470	TNK1
Q06418	TYRO3
Q2M2I8	AAK1
Q96RR4	CAMKK2
O14578	CIT
P49760	CLK2
Q9UIK4	DAPK2
P19525	EIF2AK2
Q9P2K8	EIF2AK4
P21709	EPHA1
P54764	EPHA4
P07332	FES
P49840	GSK3A
P14616	INSRR
P51617	IRAK1
P46734	MAP2K3
Q02779	MAP3K10
Q12852	MAP3K12
Q13164	MAPK7
Q8IW41	MAPKAPK5
Q7KZI7	MARK2
P27448	MARK3
Q96L34	MARK4
O75914	PAK3
Q9NYY3	PLK2
Q13546	RIPK1
P08922	ROS1
O75716	STK16
P01350	GAST
Q15910	EZH2
Q8IXJ6	SIRT2
P35232	PHB1
Q86YN6	PPARGC1B
P51575	P2RX1
Q9UBL9	P2RX2
P56373	P2RX3
Q93086	P2RX5
O15547	P2RX6
Q99572	P2RX7
P47900	P2RY1
P51582	P2RY4
Q9Y6H6	KCNE3
Q9UQ05	KCNH4
Q96L42	KCNH8
P04114	APOB
P52824	DGKQ
Q13574	DGKZ
Q13488	TCIRG1
P61421	ATP6V0D1
O15342	ATP6V0E1
P36543	ATP6V1E1
Q9UI12	ATP6V1H
P49662	CASP4
P20702	ITGAX
P23634	ATP2B4
P16278	GLB1
P0CG30	GSTT2B
Q9UBC3	DNMT3B
Q9NRA0	SPHK2
P21802	FGFR2
P12259	F5
P00742	F10
P02671	FGA
P10646	TFPI
P05120	SERPINB2
P07359	GP1BA
P02776	PF4
P07204	THBD
P16109	SELP
Q9UNN8	PROCR
P07355	ANXA2
P02749	APOH
Q96IY4	CPB2
P40238	MPL
P61769	B2M
P15813	CD1D
P07202	TPO
Q13509	TUBB3
Q9BUF5	TUBB6
P54762	EPHB1
Q9BQB4	SOST
P42357	HAL
P21695	GPD1
P08514	ITGA2B
P48048	KCNJ1
P02818	BGLAP
P12931	SRC
P21462	FPR1
P20594	NPR2
P13945	ADRB3
P10153	RNASE2
P04745	AMY1A
P04745	AMY1B
P04745	AMY1C
P04075	ALDOA
P17342	NPR3
Q02763	TEK
Q5NUL3	FFAR4
Q96RD7	PANX1
P12883	MYH7
P51003	PAPOLA
P13498	CYBA
Q16558	KCNMB1
P36956	SREBF1
P08493	MGP
P30626	SRI
Q99653	CHP1
Q9NZD4	AHSP
Q15238	PSG5
Q13219	PAPPA
P81605	DCD
P63252	KCNJ2
P00451	F8
Q9UBM7	DHCR7
P10515	DLAT
P00492	HPRT1
P31358	CD52
P13688	CEACAM1
P25021	HRH2
P08700	IL3
Q9H3N8	HRH4
P36888	FLT3
O43175	PHGDH
P20273	CD22
Q15046	KARS1
P54577	YARS1
P55157	MTTP
Q15758	SLC1A5
P10745	RBP3
P00915	CA1
P07766	CD3E
P49915	GMPS
P16471	PRLR
O00555	CACNA1A
P48029	SLC6A8
Q02127	DHODH
P35367	HRH1
P13612	ITGA4
Q9UKU7	ACAD8
O43776	NARS1
P15056	BRAF
Q9NS40	KCNH7
P06729	CD2
Q9H015	SLC22A4
P16234	PDGFRA
Q7Z4W1	DCXR
P51692	STAT5B
P30044	PRDX5
P12724	RNASE3
P35270	SPR
P24158	PRTN3
P11387	TOP1
O14965	AURKA
Q9Y275	TNFSF13B
Q00987	MDM2
Q9Y6L6	SLCO1B1
P35557	GCK
P01374	LTA
P14625	HSP90B1
Q96C86	DCPS
Q13370	PDE3B
P11309	PIM1
Q08881	ITK
P41240	CSK
Q04759	PRKCQ
P09871	C1S
P23526	AHCY
P07477	PRSS1
O60911	CTSV
P31994	FCGR2B
P68133	ACTA1
P31785	IL2RG
P07942	LAMB1
P01906	HLA-DQA2
Q96KS0	EGLN2
Q9GZT9	EGLN1
P49336	CDK8
Q07973	CYP24A1
Q9BXA5	SUCNR1
P78527	PRKDC
Q9Y6K9	IKBKG
P51686	CCR9
P26196	DDX6
Q92831	KAT2B
Q9HB21	PLEKHA1
Q9Y689	ARL5A
Q13233	MAP3K1
P09693	CD3G
P20963	CD247
Q9Y6Q6	TNFRSF11A
Q07011	TNFRSF9
P25963	NFKBIA
P28908	TNFRSF8
P01730	CD4
P52333	JAK3
P17813	ENG
P25092	GUCY2C
Q16706	MAN2A1
Q12884	FAP
P35408	PTGER4
Q8WUI4	HDAC7
P35218	CA5A
P23280	CA6
Q9H239	MMP28
Q9UNI1	CELA1
P24666	ACP1
P62829	RPL23
P60900	PSMA6
Q9HCD5	NCOA5
P01116	KRAS
P16112	ACAN
P60981	DSTN
Q12866	MERTK
Q96GR2	ACSBG1
O94768	STK17B
Q9BY32	ITPA
P13929	ENO3
P29508	SERPINB3
P09382	LGALS1
P20823	HNF1A
P19883	FST
Q92830	KAT2A
P00973	OAS1
Q9BZZ2	SIGLEC1
Q15382	RHEB
Q99873	PRMT1
O00187	MASP2
P22001	KCNA3
P40306	PSMB10
P28062	PSMB8
P79483	HLA-DRB3
P08686	CYP21A2
O95644	NFATC1
P19878	NCF2
Q15080	NCF4
O95718	ESRRB
Q96G91	P2RY11
Q9HC97	GPR35
O75880	SCO1
P21453	S1PR1
Q96DB2	HDAC11
O14958	CASQ2
P31415	CASQ1
Q06323	PSME1
Q8TCT9	HM13
Q9UJU2	LEF1
P39748	FEN1
P00846	MT-ATP6
P61604	HSPE1
Q969G3	SMARCE1
P06753	TPM3
P04264	KRT1
P13645	KRT10
P20851	C4BPB
Q9ULY5	CLEC4E
Q14103	HNRNPD
P39019	RPS19
P17844	DDX5
Q9HC29	NOD2
Q92911	SLC5A5
Q13188	STK3
Q15208	STK38
Q7L7X3	TAOK1
Q9BXA7	TSSK1B
P30530	AXL
P51451	BLK
Q92918	MAP4K1
Q8IVH8	MAP4K3
Q8N4C8	MINK1
Q13177	PAK2
Q16513	PKN2
O43353	RIPK2
P51679	CCR4
Q9Y6K1	DNMT3A
P02790	HPX
P21860	ERBB3
Q05209	PTPN12
P29350	PTPN6
P21549	AGXT
P13647	KRT5
P51172	SCNN1D
Q12882	DPYD
P16455	MGMT
P39900	MMP12
P42126	ECI1
Q02880	TOP2B
P08729	KRT7
Q9NWT6	HIF1AN
Q03403	TFF2
P0CG29	GSTT2
Q96I15	SCLY
P31025	LCN1
P56537	EIF6
Q9NRH2	SNRK
O43246	SLC7A4
Q9NS75	CYSLTR2
P00367	GLUD1
O14727	APAF1
Q14626	IL11RA
P38484	IFNGR2
O14561	NDUFAB1
P15509	CSF2RA
P00966	ASS1
Q8NFJ5	GPRC5A
Q9Y271	CYSLTR1
P15260	IFNGR1
P49448	GLUD2
P17812	CTPS1
P49888	SULT1E1
P27824	CANX
P26951	IL3RA
P23946	CMA1
Q4U2R8	SLC22A6
P24941	CDK2
P04183	TK1
Q96RI1	NR1H4
P22749	GNLY
P05154	SERPINA5
P21912	SDHB
Q2M3G0	ABCB5
Q06609	RAD51
P27707	DCK
Q05397	PTK2
Q01064	PDE1B
P21926	CD9
Q92934	BAD
O14763	TNFRSF10B
P06734	FCER2
Q07817	BCL2L1
P04798	CYP1A1
P24462	CYP3A7
P63092	GNAS
Q13362	PPP2R5C
P33981	TTK
Q8IVS2	MCAT
P62913	RPL11
Q9UKQ2	ADAM28
Q9NPH2	ISYNA1
P49411	TUFM
Q92637	FCGR1BP
O75330	HMMR
Q14542	SLC29A2
Q9UP52	TFR2
Q9Y2D1	ATF5
P62736	ACTA2
O75340	PDCD6
P04279	SEMG1
Q969S8	HDAC10
P14866	HNRNPL
Q6FHJ7	SFRP4
P27635	RPL10
Q16518	RPE65
O75533	SF3B1
Q9NSY1	BMP2K
P29320	EPHA3
O15197	EPHB6
O95835	LATS1
Q16584	MAP3K11
Q14680	MELK
O00750	PIK3C2B
P40259	CD79B
O14980	XPO1
Q92800	EZH1
Q02223	TNFRSF17
Q13423	NNT
P26439	HSD3B2
P07195	LDHB
Q02809	PLOD1
Q12809	KCNH2
Q16647	PTGIS
Q04828	AKR1C1
P30968	GNRHR
P10826	RARB
P15291	B4GALT1
Q9Y666	SLC12A7
Q99624	SLC38A3
Q00796	SORD
P23921	RRM1
P08620	FGF4
P19801	AOC1
P48551	IFNAR2
Q96Q40	CDK15
P30872	SSTR1
P30049	ATP5F1D
P43155	CRAT
Q9P0J0	NDUFA13
P68871	HBB
P49788	RARRES1
P36896	ACVR1B
Q14654	KCNJ11
P11388	TOP2A
Q9NUB1	ACSS1
P40261	NNMT
P32929	CTH
P18283	GPX2
Q14833	GRM4
P29317	EPHA2
P50225	SULT1A1
P47929	LGALS7
P47929	LGALS7B
O94956	SLCO2B1
Q16678	CYP1B1
P22061	PCMT1
P48745	CCN3
Q9UKM7	MAN1B1
Q9BZX2	UCK2
Q9BY41	HDAC8
P51512	MMP16
P49789	FHIT
P36952	SERPINB5
P24557	TBXAS1
P50613	CDK7
O00469	PLOD2
P19971	TYMP
Q6NS38	ALKBH2
Q8IVL5	P3H2
Q00534	CDK6
Q96Q83	ALKBH3
P08263	GSTA1
Q9HBH5	RDH14
P62714	PPP2CB
Q16206	ENOX2
Q16790	CA9
P16422	EPCAM
P31350	RRM2
P54760	EPHB4
P48060	GLIPR1
Q9BUP3	HTATIP2
P31949	S100A11
P53041	PPP5C
Q14541	HNF4G
P12429	ANXA3
O15169	AXIN1
Q96GD4	AURKB
P01563	IFNA2
Q01344	IL5RA
P27816	MAP4
Q9NPC1	LTB4R2
O60656	UGT1A9
Q06278	AOX1
Q9UN88	GABRQ
Q9NPD5	SLCO1B3
P09238	MMP10
P24347	MMP11
O75900	MMP23B
Q15788	NCOA1
P20248	CCNA2
P31151	S100A7
O43293	DAPK3
P63151	PPP2R2A
Q16877	PFKFB4
Q00536	CDK16
P07737	PFN1
P59998	ARPC4
Q16654	PDK4
P19105	MYL12A
P26447	S100A4
O60218	AKR1B10
Q15648	MED1
P11172	UMPS
P19622	EN2
O14594	NCAN
P11233	RALA
Q13882	PTK6
P49765	VEGFB
P53667	LIMK1
P04731	MT1A
P18847	ATF3
Q9HBK9	AS3MT
Q9Y5S8	NOX1
Q9NY56	OBP2A
P04732	MT1E
P80297	MT1X
O75838	CIB2
Q96FQ6	S100A16
P12814	ACTN1
P51858	HDGF
P18669	PGAM1
P31260	HOXA10
P08648	ITGA5
P52597	HNRNPF
P00739	HPR
P35527	KRT9
P51884	LUM
P14923	JUP
P08779	KRT16
P37802	TAGLN2
Q9Y5S1	TRPV2
Q01995	TAGLN
P55073	DIO3
Q9UKI8	TLK1
O75385	ULK1
O15075	DCLK1
Q9H2X6	HIPK2
Q9UPZ9	CILK1
P53671	LIMK2
Q8TD08	MAPK15
Q04912	MST1R
Q15746	MYLK
O60285	NUAK1
Q9H093	NUAK2
Q9P286	PAK5
Q92482	AQP3
Q99814	EPAS1
Q96NY8	NECTIN4
Q99500	S1PR3
P09758	TACSTD2
Q9Y4W6	AFG3L2
P49588	AARS1
P08559	PDHA1
P19634	SLC9A1
P00439	PAH
Q09470	KCNA1
P54886	ALDH18A1
P10253	GAA
P22557	ALAS2
O95831	AIFM1
Q9UQD0	SCN8A
Q6PI48	DARS2
Q9GZR5	ELOVL4
Q5JTZ9	AARS2
Q9NY47	CACNA2D2
Q96KG9	SCYL1
Q13885	TUBB2A
Q9UK17	KCND3
P35219	CA8
Q03426	MVK
P16389	KCNA2
P22460	KCNA5
P17658	KCNA6
P48547	KCNC1
Q96PR1	KCNC2
Q14003	KCNC3
Q9H8P0	SRD5A3
P05129	PRKCG
P78508	KCNJ10
P50993	ATP1A2
P13637	ATP1A3
Q9NYL2	MAP3K20
P04080	CSTB
Q9NYP7	ELOVL5
Q8NI60	COQ8A
Q16512	PKN1
Q01814	ATP2B2
Q16720	ATP2B3
P37059	HSD17B2
Q9P0X4	CACNA1I
P12319	FCER1A
P35626	GRK3
P30613	PKLR
P13674	P4HA1
P49591	SARS1
O15496	PLA2G10
Q9HCC0	MCCC2
P02792	FTL
Q969P6	TOP1MT
Q9Y289	SLC5A6
P11177	PDHB
Q9BYZ2	LDHAL6B
Q9UHW9	SLC12A6
P13631	RARG
P21918	DRD5
P07864	LDHC
O00180	KCNK1
P50747	HLCS
P00387	CYB5R3
P48506	GCLC
O15403	SLC16A6
Q02338	BDH1
P31040	SDHA
P36021	SLC16A2
P23786	CPT2
Q9NVS9	PNPO
P37088	SCNN1A
O75489	NDUFS3
P03897	MT-ND3
Q14524	SCN5A
P30825	SLC7A1
P98194	ATP2C1
P08243	ASNS
P32322	PYCR1
P20061	TCN1
P29275	ADORA2B
P49902	NT5C2
Q04771	ACVR1
P13995	MTHFD2
Q96GD0	PDXP
O43676	NDUFB3
P34897	SHMT2
O75251	NDUFS7
P10828	THRB
Q16798	ME3
P08709	F7
P18825	ADRA2C
O95479	H6PD
P54368	OAZ1
Q14749	GNMT
P49069	CAMLG
P00505	GOT2
Q16719	KYNU
O15554	KCNN4
Q9UN76	SLC6A14
P10398	ARAF
P42684	ABL2
P10721	KIT
P32754	HPD
P22413	ENPP1
O43181	NDUFS4
P54687	BCAT1
P34903	GABRA3
Q12797	ASPH
P17174	GOT1
Q7Z2H8	SLC36A1
P16066	NPR1
P52569	SLC7A2
Q16878	CDO1
P45954	ACADSB
P03915	MT-ND5
P47895	ALDH1A3
Q9Y6M9	NDUFB9
P06126	CD1A
P43088	PTGFR
P12236	SLC25A6
Q02643	GHRHR
P30085	CMPK1
P33121	ACSL1
O60701	UGDH
P41439	FOLR3
Q13630	GFUS
Q16671	AMHR2
P48443	RXRG
P05141	SLC25A5
P25100	ADRA1D
P30838	ALDH3A1
O15382	BCAT2
P12268	IMPDH2
P15538	CYP11B1
P15121	AKR1B1
P21731	TBXA2R
P20839	IMPDH1
Q07912	TNK2
O95470	SGPL1
Q03013	GSTM4
P22352	GPX3
Q13002	GRIK2
P49019	HCAR3
O95180	CACNA1H
O60427	FADS1
P49747	COMP
P11217	PYGM
P02775	PPBP
P16860	NPPB
O60488	ACSL4
P41250	GARS1
P63316	TNNC1
P48549	KCNJ3
P22830	FECH
Q96RJ0	TAAR1
P11168	SLC2A2
P04004	VTN
P06870	KLK1
Q13126	MTAP
P16444	DPEP1
P00167	CYB5A
P07602	PSAP
Q7Z2W7	TRPM8
O15530	PDPK1
Q9BWD1	ACAT2
Q9BQE3	TUBA1C
Q9Y663	HS3ST3A1
P23677	ITPKA
O43570	CA12
P51151	RAB9A
P11310	ACADM
P10114	RAP2A
Q99250	SCN2A
Q9NY46	SCN3A
O15230	LAMA5
P05787	KRT8
P14543	NID1
P05981	HPN
P35346	SSTR5
P11216	PYGB
P20711	DDC
Q8TD30	GPT2
P09210	GSTA2
Q32P28	P3H1
Q8IVL6	P3H3
Q8N543	OGFOD1
Q9H6Z9	EGLN3
P22234	PAICS
Q8N142	ADSS1
O15460	P4HA2
Q9ULA0	DNPEP
P46439	GSTM5
P59796	GPX6
Q96SL4	GPX7
P23434	GCSH
Q14032	BAAT
Q9P0Z9	PIPOX
Q6TGC4	PADI6
P23743	DGKA
O43272	PRODH
Q9UGM1	CHRNA9
P28074	PSMB5
P50391	NPY4R
Q14627	IL13RA2
P06280	GLA
P09467	FBP1
Q8WXI7	MUC16
Q16831	UPP1
O14717	TRDMT1
P52848	NDST1
P53778	MAPK12
O00244	ATOX1
P54278	PMS2
P25311	AZGP1
P10632	CYP2C8
Q96CD2	PPCDC
P16152	CBR1
Q12756	KIF1A
Q9Y468	L3MBTL1
P58335	ANTXR2
P18085	ARF4
P16144	ITGB4
Q7L5Y9	MAEA
Q8TDV5	GPR119
Q15759	MAPK11
O15264	MAPK13
Q9GZP0	PDGFD
Q96AE4	FUBP1
Q02224	CENPE
P04234	CD3D
Q13421	MSLN
Q969F8	KISS1R
P27037	ACVR2A
P16615	ATP2A2
Q03431	PTH1R
P05186	ALPL
P11678	EPX
Q8IZS8	CACNA2D3
P62745	RHOB
Q95460	MR1
P33402	GUCY1A2
Q9Y2I1	NISCH
Q9NPC2	KCNK9
O00591	GABRP
P00709	LALBA
P29034	S100A2
P33260	CYP2C18
Q7LG56	RRM2B
Q07864	POLE
P07098	LIPF
Q9NS85	CA10
O75493	CA11
Q8N1Q1	CA13
Q07699	SCN1B
Q8IWT1	SCN4B
O15440	ABCC5
P51511	MMP15
Q9ULZ9	MMP17
Q8N119	MMP21
Q9NRE1	MMP26
P23258	TUBG1
O60658	PDE8A
Q9UNA0	ADAMTS5
Q15596	NCOA2
Q16651	PRSS8
P15085	CPA1
Q9BVJ7	DUSP23
Q13554	CAMK2B
Q14914	PTGR1
P51955	NEK2
Q9UGN5	PARP2
Q9NQS7	INCENP
P84077	ARF1
P62750	RPL23A
P62917	RPL8
P39023	RPL3
P08574	CYC1
P47985	UQCRFS1
Q9UBT6	POLK
P28838	LAP3
P30301	MIP
P28070	PSMB4
Q99436	PSMB7
Q9HB40	SCPEP1
P19784	CSNK2A2
P13073	COX4I1
P10606	COX5B
P09669	COX6C
Q9UNK4	PLA2G2D
Q9H2G2	SLK
Q9Y6F1	PARP3
Q15375	EPHA7
P04632	CAPNS1
Q969V6	MRTFA
P62330	ARF6
O15143	ARPC1B
O15144	ARPC2
Q15418	RPS6KA1
P11684	SCGB1A1
P35080	PFN2
P30419	NMT1
P55196	AFDN
Q86WA6	BPHL
P80192	MAP3K9
Q9HBL8	NMRAL1
Q9Y3I0	RTCB
Q99470	SDF2
P15170	GSPT1
P00558	PGK1
P02144	MB
P22570	FDXR
P35749	MYH11
P35241	RDX
P26572	MGAT1
P21283	ATP6V1C1
P16930	FAH
P50607	TUB
Q9GZU7	CTDSP1
P61024	CKS1B
P49368	CCT3
O75976	CPD
P14621	ACYP2
P62258	YWHAE
O60264	SMARCA5
Q16613	AANAT
Q9UQB9	AURKC
P61587	RND3
O75676	RPS6KA4
Q99661	KIF2C
O15111	CHUK
Q99835	SMO
Q16832	DDR2
Q9Y2U5	MAP3K2
Q5XXA6	ANO1
P57059	SIK1
Q8WXA8	HTR3C
Q9HB55	CYP3A43
P51812	RPS6KA3
Q05513	PRKCZ
Q9Y698	CACNG2
Q15878	CACNA1E
Q9UGJ0	PRKAG2
Q9UGI9	PRKAG3
Q96S86	HAPLN3
Q86UW8	HAPLN4
Q14520	HABP2
P62807	H2BC10
P62807	H2BC4
P62807	H2BC6
P62807	H2BC7
P62807	H2BC8
O95259	KCNH1
O00299	CLIC1
P67870	CSNK2B
Q86T13	CLEC14A
P09769	FGR
P54756	EPHA5
Q9Y2T6	GPR55
Q969S2	NEIL2
O95750	FGF19
P46663	BDKRB1
Q9UQL6	HDAC5
P07438	MT1B
P04733	MT1F
P13640	MT1G
P80294	MT1H
Q8N339	MT1M
P35556	FBN2
P10589	NR2F1
P09525	ANXA4
P43652	AFM
P30101	PDIA3
P50453	SERPINB9
Q8N1G2	CMTR1
Q9Y230	RUVBL2
Q15393	SF3B3
Q9NR28	DIABLO
P17980	PSMC3
O43399	TPD52L2
P19823	ITIH2
P35908	KRT2
P02750	LRG1
P46736	BRCC3
Q86YZ3	HRNR
P02538	KRT6A
P62241	RPS8
P46781	RPS9
Q15942	ZYX
P36894	BMPR1A
Q13873	BMPR2
P20393	NR1D1
Q14995	NR1D2
Q9UK32	RPS6KA6
Q9Y6E0	STK24
Q9H2K8	TAOK3
P35590	TIE1
Q86UE8	TLK2
Q9UKE5	TNIK
O00238	BMPR1B
Q14012	CAMK1
Q00532	CDKL1
Q9Y463	DYRK1B
Q9UF33	EPHA6
Q14164	IKBKE
Q9Y2K2	SIK3
O43283	MAP3K13
Q99759	MAP3K3
O95819	MAP4K4
Q9Y2H9	MAST1
P42679	MATK
Q9BUB5	MKNK1
Q9HBH9	MKNK2
P51956	NEK3
Q6P3R8	NEK5
Q16288	NTRK3
O96013	PAK4
Q9NQU5	PAK6
Q86V86	PIM3
Q8TBX8	PIP4K2C
Q99640	PKMYT1
O00444	PLK4
Q13523	PRP4K
Q9BRS2	RIOK1
Q9H0K1	SIK2
P36404	ARL2
Q16659	MAPK6
P41968	MC3R
Q9NPA2	MMP25
P53396	ACLY
O95977	S1PR4
P04196	HRG
P41238	APOBEC1
P20020	ATP2B1
Q9H2H9	SLC38A1
Q96QD8	SLC38A2
O75185	ATP2C2
Q16850	CYP51A1
Q9Y5Y9	SCN10A
O95069	KCNK2
P15382	KCNE1
P54289	CACNA2D1
P21817	RYR1
P35499	SCN4A
P48544	KCNJ5
Q15842	KCNJ8
Q9NZV8	KCND2
Q9NY72	SCN3B
Q09013	DMPK
Q13557	CAMK2D
P36871	PGM1
P46976	GYG1
P22459	KCNA4
Q59H18	TNNI3K
P33032	MC5R
Q8TD43	TRPM4
Q9Y6J6	KCNE2
Q8WWG9	KCNE4
Q8NFA2	NOXO1
Q14894	CRYM
Q9UG56	PISD
Q16787	LAMA3
P02458	COL2A1
O60568	PLOD3
Q9NSE4	IARS2
P37268	FDFT1
P51570	GALK1
P40429	RPL13A
P32019	INPP5B
P05062	ALDOB
Q96L12	CALR3
O43526	KCNQ2
O43525	KCNQ3
Q9NR82	KCNQ5
Q9BQB6	VKORC1
Q96PD7	DGAT2
O14791	APOL1
Q96DP5	MTFMT
P48764	SLC9A3
P54710	FXYD2
P05543	SERPINA7
P61457	PCBD1
Q12851	MAP4K2
Q9Y600	CSAD
P69905	HBA1
P69905	HBA2
P08185	SERPINA6
Q9UDX4	SEC14L3
O75311	GLRA3
P47871	GCGR
P51648	ALDH3A2
O95865	DDAH2
O60494	CUBN
P49366	DHPS
P02675	FGB
P10768	ESD
P04746	AMY2A
P26010	ITGB7
Q9ULX7	CA14
Q9UJT0	TUBE1
P25788	PSMA3
P09668	CTSH
Q96SW2	CRBN
Q9UHF0	TAC3
Q9Y616	IRAK3
Q15800	MSMO1
Q9BYV1	AGXT2
Q15031	LARS2
Q02252	ALDH6A1
P40939	HADHA
P47872	SCTR
P37058	HSD17B3
P0DMS8	ADORA3
Q16836	HADH
P54802	NAGLU
P41595	HTR2B
Q8TE23	TAS1R2
O15269	SPTLC1
P43353	ALDH3B1
Q7RTX0	TAS1R3
P48163	ME1
P16233	PNLIP
O00763	ACACB
P06732	CKM
P14868	DARS1
P51788	CLCN2
O15217	GSTA4
Q9Y2Q0	ATP8A1
P35247	SFTPD
P17213	BPI
P00568	AK1
P16519	PCSK2
O95838	GLP2R
Q8TCT1	PHOSPHO1
P55809	OXCT1
O00341	SLC1A7
O14880	MGST3
P35754	GLRX
Q16760	DGKD
O43766	LIAS
P54284	CACNB3
Q01668	CACNA1D
Q96FI4	NEIL1
P20807	CAPN3
P17538	CTRB1
P19099	CYP11B2
Q9Y5Y4	PTGDR2
Q13332	PTPRS
P23467	PTPRB
O14983	ATP2A1
P04118	CLPS
O14818	PSMA7
P24310	COX7A1
Q9Y6Y9	LY96
Q15119	PDK2
Q13555	CAMK2G
Q16762	TST
P09110	ACAA1
Q9UL51	HCN2
Q96S37	SLC22A12
Q01118	SCN7A
Q99712	KCNJ15
O43741	PRKAB2
P48050	KCNJ4
Q92806	KCNJ9
P25105	PTAFR
Q02818	NUCB1
P23276	KEL
O00303	EIF3F
P67936	TPM4
O75636	FCN3
P50914	RPL14
Q15637	SF1
Q9H422	HIPK3
Q9Y4K4	MAP4K5
O15146	MUSK
O75747	PIK3C2G
Q9Y6T7	DGKB
P48728	AMT
P78348	ASIC1
P43007	SLC1A4
P59768	GNG2
Q16348	SLC15A2
P20231	TPSB2
P49356	FNTB
Q9NQ25	SLAMF7
P46597	ASMT
Q8N8N7	PTGR2
Q15661	TPSAB1
Q92696	RABGGTA
P53611	RABGGTB
Q9NPJ3	ACOT13
Q14697	GANAB
Q7Z5B4	RIC3
P07498	CSN3
Q9BQI3	EIF2AK1
P07478	PRSS2
P04350	TUBB4A
P50440	GATM
O15399	GRIN2D
Q9UHI5	SLC7A8
O14732	IMPA2
Q14123	PDE1C
P31942	HNRNPH3
Q13237	PRKG2
Q08188	TGM3
O14936	CASK
Q9P2E9	RRBP1
P41743	PRKCI
P52564	MAP2K6
P27449	ATP6V0C
Q14432	PDE3A
Q92953	KCNB2
P31995	FCGR2C
P49257	LMAN1
Q8NI22	MCFD2
Q86U10	ASPG
P02679	FGG
P51168	SCNN1B
O00764	PDXK
O95139	NDUFB6
P49821	NDUFV1
P05165	PCCA
P28331	NDUFS1
O43678	NDUFA2
O43837	IDH3B
P35368	ADRA1B
P30043	BLVRB
P23378	GLDC
P51164	ATP4B
Q16772	GSTA3
P10696	ALPG
Q15858	SCN9A
P49773	HINT1
Q9UBX1	CTSF
Q14376	GALE
P05452	CLEC3B
Q9BY66	KDM5D
O14521	SDHD
Q99643	SDHC
Q5T601	ADGRF1
P09012	SNRPA
Q9Y3R4	NEU2
P05162	LGALS2
P38606	ATP6V1A
P25786	PSMA1
P11488	GNAT1
Q9P289	STK26
P61158	ACTR3
Q15120	PDK3
P17544	ATF7
P48723	HSPA13
Q07020	RPL18
P62277	RPS13
Q9BYT3	STK33
P51813	BMX
Q92772	CDKL2
Q8N8Y2	ATP6V0D2
P10620	MGST1
O95363	FARS2
O60547	GMDS
Q9ULU8	CADPS
Q99829	CPNE1
P50213	IDH3A
Q16602	CALCRL
Q15274	QPRT
P05023	ATP1A1
Q08493	PDE4C
Q99542	MMP19
Q9UHY7	ENOPH1
O00217	NDUFS8
O75746	SLC25A12
P38435	GGCX
Q9UN19	DAPP1
Q96LZ3	PPP3R2
O75936	BBOX1
P20618	PSMB1
P45880	VDAC2
O95749	GGPS1
P49720	PSMB3
Q6UWM7	LCTL
Q6NVY1	HIBCH
P31323	PRKAR2B
P49190	PTH2R
P10915	HAPLN1
Q14872	MTF1
P31946	YWHAB
P27348	YWHAQ
P29622	SERPINA4
P19827	ITIH1
Q9C098	DCLK3
Q9H2X9	SLC12A5
O15239	NDUFA1
P55011	SLC12A2
Q13621	SLC12A1
Q8N5Z0	AADAT
Q16478	GRIK5
P34096	RNASE4
P48664	SLC1A6
O75899	GABBR2
Q9H228	S1PR5
P63208	SKP1
Q96PY6	NEK1
P52429	DGKE
Q16773	KYAT1
P28221	HTR1D
Q9NYX4	CALY
Q8N9I0	SYT2
Q6YP21	KYAT3
Q9NXG6	P4HTM
Q08289	CACNB2
Q15825	CHRNA6
Q96MA6	AK8
P47898	HTR5A
Q8TCG2	PI4K2B
Q06033	ITIH3
Q9ULD8	KCNH3
Q86XP1	DGKH
P51170	SCNN1G
P49189	ALDH9A1
Q03154	ACY1
P22748	CA4
O60664	PLIN3
P46059	SLC15A1
O95255	ABCC6
P35243	RCVRN
Q8NFW8	CMAS
Q9UEW8	STK39
P37288	AVPR1A
Q02928	CYP4A11
O60894	RAMP1
P51800	CLCNKA
P09958	FURIN
P18846	ATF1
O95747	OXSR1
P09417	QDPR
Q13698	CACNA1S
Q6WRI0	IGSF10
Q9Y2Z4	YARS2
P43119	PTGIR
Q9HCR9	PDE11A
P14649	MYL6B
Q8WY07	SLC7A3
O43704	SULT1B1
P22792	CPN2
Q96RQ9	IL4I1
P30273	FCER1G
P33316	DUT
P02746	C1QB
P02747	C1QC
Q6IA69	NADSYN1
Q5JPH6	EARS2
P28066	PSMA5
Q9UM01	SLC7A7
P01591	JCHAIN
P29376	LTK
Q52WX2	SBK1
Q9UEE5	STK17A
O95670	ATP6V1G2
Q99584	S100A13
P09884	POLA1
P16219	ACADS
Q16134	ETFDH
Q7Z406	MYH14
P15259	PGAM2
O00142	TK2
Q8IYT8	ULK2
P26639	TARS1
Q70Z44	HTR3D
A5X5Y0	HTR3E
P51649	ALDH5A1
Q14353	GAMT
P55263	ADK
P56696	KCNQ4
Q9Y296	TRAPPC4
P48066	SLC6A11
Q9NSD5	SLC6A13
Q8NEV4	MYO3A
P15313	ATP6V1B1
Q12965	MYO1E
P47944	MT4
Q96D53	COQ8B
Q9H252	KCNH6
Q9NSA0	SLC22A11
P25815	S100P
P25787	PSMA2
Q9Y4I5	TESMIN
P46782	RPS5
O75348	ATP6V1G1
Q9NR33	POLE4
O60939	SCN2B
P19404	NDUFV2
P07814	EPRS1
Q08426	EHHADH
O43681	GET3
Q71U36	TUBA1A
Q96LB9	PGLYRP3
P13861	PRKAR2A
Q99705	MCHR1
P07919	UQCRH
O15145	ARPC3
Q96PD5	PGLYRP2
Q9UF02	CACNG5
P29973	CNGA1
Q8TF61	FBXO41
Q04917	YWHAH
Q8TDR2	STK35
O14976	GAK
Q92781	RDH5
P49247	RPIA
P16591	FER
P03923	MT-ND6
Q969G6	RFK
O95178	NDUFB2
P23919	DTYMK
O00204	SULT2B1
P09960	LTA4H
Q8WVQ1	CANT1
O60513	B4GALT4
Q9UJ70	NAGK
Q969I3	GLYATL1
Q8NBQ5	HSD17B11
P78334	GABRE
Q9UJM8	HAO1
P84098	RPL19
Q01581	HMGCS1
O75521	ECI2
Q8WWQ8	STAB2
Q13938	CAPS
P15880	RPS2
P31943	HNRNPH1
Q9UEW3	MARCO
P21291	CSRP1
O15393	TMPRSS2
P26640	VARS1
Q9Y285	FARSA
O75380	NDUFS6
P07437	TUBB
P23368	ME2
O43674	NDUFB5
P08173	CHRM4
P05166	PCCB
P48507	GCLM
P23416	GLRA2
Q00975	CACNA1B
P30520	ADSS2
Q16774	GUK1
O60840	CACNA1F
Q86US8	SMG6
O43617	TRAPPC3
Q9BVA1	TUBB2B
O14764	GABRD
P61927	RPL37
P36542	ATP5F1C
P02689	PMP2
Q86VU5	COMTD1
P36405	ARL3
P02708	CHRNA1
Q9UBN1	CACNG4
Q9BXT2	CACNG6
Q8WXS5	CACNG8
P10412	H1-4
P43487	RANBP1
Q6V0L0	CYP26C1
Q9NR63	CYP26B1
P04217	A1BG
P31152	MAPK4
P51957	NEK4
Q9BQ31	KCNS3
O75912	DGKI
Q96A05	ATP6V1E2
P23415	GLRA1
Q96T66	NMNAT3
Q15750	TAB1
Q75N90	FBN3
Q6ZN16	MAP3K15
P05546	SERPIND1
Q9H4B7	TUBB1
Q6PHW0	IYD
Q9Y619	SLC25A15
P53609	PGGT1B
Q14330	GPR18
Q9UJT1	TUBD1
Q9BZV3	IMPG2
Q9H1R3	MYLK2
P42681	TXK
Q32MK0	MYLK3
P0DJD9	PGA5
Q7L3T8	PARS2
Q9NY65	TUBA8
Q9NXE4	SMPD4
Q9NRX3	NDUFA4L2
Q9UKG9	CROT
O75600	GCAT
Q14181	POLA2
O75306	NDUFS2
Q8N0U8	VKORC1L1
Q99418	CYTH2
P55769	SNU13
P25789	PSMA4
P54819	AK2
Q8N907	DAND5
Q8N5S9	CAMKK1
Q969I6	SLC38A4
P17050	NAGA
Q9NVH6	TMLHE
Q9BXJ7	AMN
Q05932	FPGS
Q6UWN8	SPINK6
Q9Y266	NUDC
Q86VZ1	P2RY8
Q96ER9	CCDC51
Q9Y234	LIPT1
Q9UJS0	SLC25A13
Q9HD40	SEPSECS
Q9BW92	TARS2
P14770	GP9
Q9NZK7	PLA2G2E
O43169	CYB5B
Q5JVS0	HABP4
O95298	NDUFC2
Q02641	CACNB1
P52961	ART1
P07686	HEXB
Q9NZD2	GLTP
Q9ULW8	PADI3
Q9Y277	VDAC3
Q9UHQ9	CYB5R1
O15304	SIVA1
P62269	RPS18
Q6IQ20	NAPEPLD
P48729	CSNK1A1
O14735	CDIPT
P07451	CA3
O15511	ARPC5
P22314	UBA1
Q9UHC3	ASIC3
O15375	SLC16A5
O75911	DHRS3
O60882	MMP20
Q9H169	STMN4
Q86W47	KCNMB4
Q8NEY4	ATP6V1C2
Q9NSD9	FARSB
Q9UDW1	UQCR10
O60896	RAMP3
P49619	DGKG
P23469	PTPRE
P22695	UQCRC2
P15954	COX7C
P19961	AMY2B
Q0VD83	APOBR
P47775	GPR12
Q99677	LPAR4
P48167	GLRB
O94903	PLPBP
Q8NCM2	KCNH5
Q8TDN2	KCNV2
Q14722	KCNAB1
Q13303	KCNAB2
Q96NR8	RDH12
P43080	GUCA1A
Q8N8R3	SLC25A29
P12532	CKMT1A
P12532	CKMT1B
P26440	IVD
P17540	CKMT2
Q9UP95	SLC12A4
P36873	PPP1CC
Q15075	EEA1
P49354	FNTA
P08048	ZFY
O43252	PAPSS1
P14927	UQCRB
P24311	COX7B
Q460N3	PARP15
Q9Y6I3	EPN1
Q96BH3	ELSPBP1
Q9NYQ3	HAO2
Q8NG66	NEK11
P35913	PDE6B
Q8WYK2	JDP2
Q9NRP7	STK36
Q9Y2H1	STK38L
Q6PHR2	ULK3
Q8TD19	NEK9
P78356	PIP4K2B
O14730	RIOK3
Q9H3Y6	SRMS
Q9BPV8	P2RY13
Q93050	ATP6V0A1
P54750	PDE1A
Q9HBG4	ATP6V0A4
Q14565	DMC1
O14949	UQCRQ
P34981	TRHR
Q99884	SLC6A7
O60678	PRMT3
Q03393	PTS
Q86YB8	ERO1B
O94804	STK10
Q8IUZ5	PHYKPL
Q96NX5	CAMK1G
Q92952	KCNN1
Q15155	NOMO1
Q9P2N6	KANSL3
Q56UN5	MAP3K19
Q15391	P2RY14
Q92947	GCDH
Q5KSL6	DGKK
P43166	CA7
P21430	M
P08909	Htr2c
Q99870	VMAT2
Q72874	pol
P51160	PDE6C
P16499	PDE6A
P02918	mrcA
P02919	mrcB
P76577	pbpC
P0AD65	mrdA
P0AD68	ftsI
P08149	penA
Q60FT7	pbp3
H3BUU9	CDH11
Q8MU52	GST
P43702	parC
P43700	gyrA
P0AES4	gyrA
P0C1U9	parC
Q59192	parE
P05653	gyrA
C3T8E2	mdtK
P20831	gyrA
P56282	POLE2
P10613	ERG11
Q8IVH4	MMAA
Q9Y4U1	MMACHC
Q96P88	GNRHR2
Q5T1J1	SIGMAR1
Q06432	CACNG1
Q14500	KCNJ12
O60359	CACNG3
P62955	CACNG7
Q7Z3S7	CACNA2D4
O43193	MLNR
Q9GZZ6	CHRNA10
P02585	TNNC2
P51857	AKR1D1
P12461	TMP1
P33673	csn
P00720	E
P53608	rocF
Q9Y257	KCNK6
O43519	RET
P50859	ERG11
Q693P7	CHRNA7
Q23022	unc-38
Q9N587	unc-63
Q27218	lev-1
P48181	unc-29
P9WJI5	nat
Q9NPA1	KCNMB3
Q16322	KCNA10
Q9NSA2	KCND1
Q9UJ90	KCNE5
Q9H3M0	KCNF1
Q9UIX4	KCNG1
Q9UJ96	KCNG2
Q8TAE7	KCNG3
Q8TDN1	KCNG4
Q96KK3	KCNS1
Q6PIU1	KCNV1
Q9UNX9	KCNJ14
Q8TET4	GANC
P0A7X3	rpsI
P0A7V8	rpsD
Q51911	pab
Q9X1H9	TM_1468
O00398	P2RY10
P0AFU8	ribC
P18545	PDE6G
Q13956	PDE6H
Q89ZI2	BT_4395
P02359	rpsG
P0AG59	rpsN
P0A7V3	rpsC
P0A7W7	rpsH
P0A7U3	rpsS
C9EH48	mdfA
Q9Y4R7	TTLL3
P0ABQ4	folA
Q8XB74	msrP
P00378	DHFR
Q9BTZ2	DHRS4
Q8NBN7	RDH13
Q6NUM9	RETSAT
Q8TC12	RDH11
Q9NYR8	RDH8
Q9UDX3	SEC14L4
O67135	acuC1
Q9Y2D0	CA5B
